{"cameraMode":{"drawMode":0,"name":"Shaded","section":"Shading Mode"},"sceneLighting":false,"audioPlay":false,"sceneViewState":{"m_AlwaysRefresh":false,"showFog":true,"showSkybox":false,"showFlares":true,"showImageEffects":true,"showParticleSystems":true,"showVisualEffectGraphs":true,"m_FxEnabled":true},"in2DMode":false,"pivot":{"x":2.2766082286834719,"y":0.8614658117294312,"z":0.08226138353347779},"rotation":{"x":0.1988816112279892,"y":0.3873489201068878,"z":-0.08596695214509964,"w":0.8961096405982971},"size":2.504120111465454,"orthographic":false}